<?xml version="1.0" encoding="UTF-8"?>
<project-private xmlns="http://www.netbeans.org/ns/project-private/1">
    <editor-bookmarks xmlns="http://www.netbeans.org/ns/editor-bookmarks/2" lastBookmarkId="0"/>
    <open-files xmlns="http://www.netbeans.org/ns/projectui-open-files/2">
        <group>
            <file>file:/home/camilo/Escritorio/FashionProject_INFO264_2017/FashionProject/src/fashionproject/ConexionBD.java</file>
            <file>file:/home/camilo/Escritorio/FashionProject_INFO264_2017/FashionProject/src/fashionproject/PantallaPrincipal.java</file>
            <file>file:/home/camilo/Escritorio/FashionProject_INFO264_2017/FashionProject/src/fashionproject/FashionProject.java</file>
            <file>file:/home/camilo/Escritorio/FashionProject_INFO264_2017/FashionProject/src/fashionproject/NuevoCliente.java</file>
        </group>
    </open-files>
</project-private>
